Name,Frequency,NAliases,NSentences,Aliases,Sentences,Types,Subtypes,Subsubtypes,R,T
Rincewind,639,3,639,"Dr Rjinswand, Rincewind, Rjinswand","141, 158, 161, 171, 176, 179, 184, 199, 211, 378, 385, 393, 397, 400, 406, 415, 423, 432, 438, 439, 458, 463, 472, 489, 530, 537, 541, 547, 551, 563, 568, 570, 575, 586, 592, 597, 598, 601, 611, 614, 620, 634, 637, 639, 640, 642, 647, 650, 652, 656, 664, 673, 676, 681, 687, 691, 695, 708, 712, 718, 730, 732, 742, 745, 748, 755, 760, 762, 765, 771, 776, 783, 787, 794, 800, 806, 818, 822, 834, 838, 844, 846, 850, 860, 864, 867, 875, 883, 887, 895, 898, 900, 901, 907, 910, 915, 920, 922, 939, 952, 958, 965, 975, 983, 987, 990, 996, 1001, 1005, 1009, 1021, 1025, 1028, 1033, 1042, 1050, 1053, 1057, 1062, 1069, 1073, 1079, 1083, 1090, 1098, 1159, 1162, 1175, 1179, 1181, 1189, 1192, 1203, 1216, 1220, 1229, 1232, 1235, 1253, 1272, 1277, 1291, 1300, 1306, 1308, 1480, 1483, 1485, 1487, 1490, 1500, 1507, 1520, 1524, 1541, 1549, 1555, 1558, 1562, 1567, 1573, 1580, 1599, 1605, 1609, 1614, 1623, 1625, 1628, 1632, 1637, 1641, 1645, 1655, 1661, 1667, 1669, 1672, 1676, 1683, 1690, 1693, 1701, 1706, 1713, 1724, 1734, 1743, 1755, 1762, 1795, 1802, 1803, 1805, 1811, 1820, 1822, 1824, 1830, 1834, 1845, 1852, 1855, 1860, 1896, 1897, 1900, 1907, 1911, 1920, 1925, 1932, 1940, 1941, 2001, 2004, 2008, 2011, 2014, 2023, 2030, 2038, 2043, 2058, 2063, 2065, 2074, 2080, 2091, 2110, 2119, 2122, 2139, 2143, 2146, 2150, 2158, 2161, 2162, 2171, 2176, 2177, 2182, 2186, 2192, 2199, 2202, 2207, 2212, 2220, 2228, 2282, 2318, 2325, 2333, 2346, 2351, 2356, 2372, 2378, 2387, 2401, 2405, 2411, 2416, 2417, 2424, 2427, 2436, 2440, 2448, 2453, 2465, 2467, 2478, 2482, 2490, 2495, 2497, 2500, 2508, 2513, 2517, 2519, 2524, 2528, 2530, 2537, 2542, 2544, 2545, 2550, 2555, 2559, 2564, 2569, 2572, 2580, 2583, 2590, 2591, 2594, 2603, 2611, 2614, 2618, 2624, 2628, 2629, 2644, 2646, 2662, 2664, 2669, 2672, 2677, 2683, 2690, 2697, 2701, 2705, 2708, 2712, 2725, 2731, 2739, 2745, 2747, 2757, 2772, 2783, 2793, 2796, 2807, 2813, 2824, 2829, 2838, 2843, 2849, 2853, 2935, 2940, 2951, 2956, 2962, 2968, 2972, 2976, 2983, 2985, 2988, 2992, 2998, 3003, 3010, 3017, 3028, 3036, 3062, 3063, 3071, 3078, 3080, 3084, 3087, 3095, 3099, 3103, 3110, 3115, 3120, 3127, 3135, 3144, 3151, 3161, 3164, 3169, 3174, 3175, 3181, 3183, 3189, 3191, 3197, 3201, 3202, 3203, 3210, 3220, 3232, 3235, 3240, 3245, 3246, 3248, 3252, 3257, 3259, 3265, 3268, 3636, 3644, 3843, 3851, 3852, 3857, 3860, 3864, 3870, 3877, 3882, 3886, 3888, 3891, 3897, 3902, 3935, 3943, 3946, 3954, 3956, 3964, 3965, 3969, 3973, 3976, 3986, 3997, 4003, 4013, 4019, 4026, 4034, 4045, 4056, 4059, 4060, 4063, 4077, 4085, 4086, 4087, 4175, 4180, 4185, 4193, 4198, 4202, 4206, 4210, 4215, 4217, 4225, 4230, 4237, 4239, 4242, 4247, 4251, 4254, 4255, 4258, 4297, 4303, 4313, 4314, 4318, 4321, 4325, 4330, 4332, 4336, 4339, 4349, 4351, 4357, 4359, 4363, 4366, 4370, 4378, 4382, 4388, 4391, 4399, 4419, 4424, 4444, 4451, 4456, 4458, 4462, 4466, 4477, 4481, 4484, 4499, 4527, 4530, 4538, 4544, 4550, 4556, 4563, 4576, 4579, 4608, 4612, 4614, 4618, 4622, 4630, 4646, 4649, 4651, 4655, 4661, 4663, 4666, 4675, 4701, 4705, 4707, 4719, 4727, 4736, 4744, 4747, 4754, 4763, 4770, 4773, 4775, 4778, 4780, 4783, 4784, 4790, 4793, 4796, 4799, 4819, 4823, 4829, 4837, 4847, 4851, 4855, 4887, 4894, 4896, 4899, 4901, 4907, 4909, 4915, 4920, 4923, 4925, 4936, 4938, 4946, 4948, 4959, 4962, 4970, 4992, 5000, 5008, 5016, 5019, 5033, 5046, 5050, 5052, 5054, 5056, 5059, 5061, 5064, 5113, 5120, 5128, 5130, 5132, 5137, 5145, 5147, 5150, 5152, 5153, 5157, 5160, 5164, 5165, 5171, 5176, 5275, 5279, 5285, 5298, 5302, 5306, 5320, 5334, 5341, 5348, 5356, 5362, 5370, 5375, 5378, 5386, 5389, 5392, 5395, 5400, 5415, 5425, 5428, 5432, 5435, 5438, 5445, 5447, 5451, 5458, 5464, 5467, 5480, 5483, 5487, 5493, 5496, 5499, 5502, 5507",Person,Human,Wizard,,
Twoflower,351,4,351,"Jack Zweiblumen, Twoflower, Twoflowers, Zweiblumen","169, 182, 187, 326, 330, 335, 340, 436, 472, 483, 522, 531, 532, 549, 561, 571, 585, 595, 604, 708, 726, 774, 788, 802, 816, 833, 844, 851, 854, 858, 866, 871, 879, 885, 890, 900, 910, 916, 920, 925, 935, 954, 968, 979, 986, 989, 994, 1004, 1008, 1026, 1027, 1085, 1097, 1117, 1137, 1214, 1312, 1396, 1562, 1569, 1576, 1631, 1636, 1640, 1657, 1666, 1673, 1694, 1702, 1713, 1749, 1799, 1801, 1807, 1822, 1827, 1843, 1851, 1861, 1867, 1875, 1878, 1883, 1884, 1890, 1891, 2153, 2255, 2260, 2264, 2265, 2266, 2274, 2281, 2288, 2296, 2300, 2311, 2314, 2317, 2320, 2327, 2329, 2341, 2345, 2355, 2374, 2384, 2395, 2399, 2400, 2414, 2422, 2431, 2448, 2451, 2461, 2488, 2492, 2499, 2503, 2511, 2521, 2524, 2529, 2538, 2559, 2562, 2567, 2616, 2622, 2625, 2643, 2653, 2674, 2695, 2699, 2704, 2720, 2723, 2735, 2738, 2744, 2774, 2807, 2828, 2842, 2847, 2937, 2951, 2953, 2956, 3271, 3276, 3285, 3294, 3300, 3306, 3310, 3312, 3326, 3330, 3334, 3369, 3374, 3377, 3379, 3419, 3428, 3433, 3437, 3444, 3452, 3456, 3457, 3478, 3481, 3485, 3489, 3493, 3498, 3503, 3509, 3512, 3514, 3515, 3522, 3524, 3526, 3530, 3532, 3537, 3545, 3557, 3574, 3586, 3587, 3593, 3603, 3610, 3620, 3625, 3627, 3630, 3633, 3635, 3660, 3844, 3846, 3847, 3851, 3853, 3855, 3858, 3862, 3868, 3872, 3879, 3884, 3887, 3890, 3893, 3936, 3940, 3948, 3950, 3954, 3963, 3987, 4026, 4028, 4040, 4058, 4077, 4085, 4175, 4177, 4181, 4194, 4196, 4199, 4208, 4214, 4216, 4220, 4235, 4238, 4240, 4252, 4257, 4298, 4304, 4310, 4324, 4333, 4335, 4359, 4378, 4381, 4384, 4397, 4402, 4446, 4485, 4500, 4502, 4509, 4520, 4532, 4543, 4549, 4554, 4562, 4573, 4578, 4580, 4585, 4589, 4613, 4617, 4621, 4632, 4658, 4664, 4668, 4706, 4738, 4742, 4749, 4770, 4778, 4779, 4781, 4794, 4805, 4813, 4818, 4827, 4856, 4865, 4884, 4890, 4899, 4904, 4912, 4913, 4927, 4946, 4957, 4964, 4966, 4988, 4996, 5028, 5039, 5050, 5057, 5061, 5064, 5068, 5111, 5114, 5119, 5131, 5133, 5138, 5148, 5152, 5157, 5162, 5164, 5170, 5174, 5275, 5277, 5284, 5292, 5296, 5300, 5304, 5322, 5324, 5336, 5338, 5348, 5361, 5365, 5375, 5379, 5389, 5391",Person,Human,Tourist,,
Hrun the Barbarian,139,2,139,"Hrun, Hrun the Barbarian","529, 804, 829, 830, 866, 870, 919, 2174, 2175, 2180, 2234, 2241, 2244, 2249, 2437, 2438, 2441, 2444, 2446, 2451, 2454, 2455, 2464, 2464, 2468, 2498, 2512, 2526, 2527, 2553, 2588, 2597, 2608, 2621, 2635, 2641, 2644, 2668, 2669, 2670, 2670, 2683, 2698, 2702, 2706, 2716, 2726, 2730, 2732, 2733, 2734, 2738, 2774, 2780, 2787, 2794, 2807, 2808, 2815, 2822, 2827, 2835, 2947, 2996, 3272, 3274, 3281, 3287, 3293, 3297, 3302, 3307, 3309, 3324, 3329, 3331, 3338, 3340, 3343, 3347, 3348, 3352, 3354, 3356, 3361, 3365, 3370, 3371, 3376, 3382, 3385, 3395, 3400, 3404, 3405, 3408, 3412, 3604, 3667, 3679, 3689, 3698, 3702, 3708, 3724, 3726, 3729, 3739, 3740, 3744, 3752, 3762, 3766, 3768, 3784, 3785, 3787, 3789, 3790, 3792, 3793, 3797, 3799, 3803, 3816, 3823, 3830, 3834, 3838, 3847, 3856, 3904, 3908, 3911, 3912, 3912, 3934, 3945, 3952",Person,Human,Hero,,
The Discworld,72,6,72,"Disc, Disc of the World, Discworld, Great A’Tuin-Elephant-Disc, the Disc, the Discworld","2, 9, 15, 24, 42, 43, 43, 45, 49, 50, 52, 57, 60, 92, 904, 1154, 1326, 1696, 1739, 1739, 1801, 1831, 1963, 1964, 1968, 2141, 2360, 2577, 2579, 2632, 2653, 2799, 2801, 2802, 2805, 3120, 3246, 3256, 3336, 3848, 3850, 3951, 3955, 3968, 4085, 4108, 4190, 4265, 4341, 4341, 4433, 4465, 4478, 4490, 4512, 4611, 4632, 4684, 4762, 4882, 4896, 4971, 4998, 5072, 5087, 5108, 5114, 5147, 5149, 5272, 5433, 5504",Location,World,Discworld,,
Death,53,2,53,"Death, Death Himself","519, 641, 1480, 1481, 1484, 1486, 1508, 1509, 1511, 1512, 1513, 1514, 1598, 1903, 1909, 1910, 1950, 2757, 2758, 2761, 2881, 3246, 3254, 3404, 3406, 3922, 3924, 3929, 4609, 4653, 4980, 5070, 5071, 5074, 5076, 5077, 5078, 5081, 5082, 5087, 5091, 5093, 5099, 5103, 5106, 5107, 5109, 5446, 5451, 5455, 5466, 5470, 5478",Person,Supernatural,Incarnate,,
The Luggage,46,3,46,"Luggage, Twoflower’s Luggage, the Luggage","331, 379, 593, 775, 854, 871, 921, 1036, 1042, 1072, 1078, 1091, 1102, 1161, 1188, 1191, 1248, 1253, 1276, 1480, 1553, 1658, 1721, 1725, 1754, 1820, 1870, 2426, 2444, 2451, 2462, 2523, 2557, 2703, 2714, 2729, 3379, 4216, 5277, 5287, 5294, 5296, 5299, 5321, 5343, 5398",Person,Supernatural,Anthropomorphic,,
Ankh-Morpork,41,3,41,"Ankh, Ankh-Morpork, Morpork","66, 87, 89, 89, 90, 90, 214, 219, 219, 222, 222, 223, 289, 301, 323, 325, 329, 520, 527, 606, 820, 906, 1058, 1060, 1177, 1193, 1459, 1470, 1480, 1515, 1683, 1696, 1705, 1747, 1791, 1793, 1797, 2670, 3202, 4185, 4978",Location,PopulationCenter,MajorCity,38,0
Ymor,38,1,38,Ymor,"260, 269, 280, 282, 285, 289, 298, 301, 303, 304, 312, 318, 1280, 1314, 1316, 1329, 1331, 1333, 1334, 1337, 1338, 1339, 1347, 1358, 1362, 1368, 1377, 1384, 1400, 1414, 1420, 1440, 1444, 1448, 1461, 1472, 1473, 1550",Person,Human,Thief,,
Stren Withel,38,3,38,"Stren, Stren Withel, Withel","288, 300, 301, 305, 310, 313, 314, 319, 321, 1034, 1037, 1048, 1053, 1315, 1317, 1325, 1328, 1365, 1368, 1382, 1423, 1425, 1525, 1529, 1548, 1582, 1600, 1606, 1610, 1616, 1619, 1622, 1625, 1633, 1636, 1642, 1645, 1646",Person,Human,Thief,,
Broadman,38,1,38,Broadman,"309, 332, 336, 341, 347, 348, 349, 364, 367, 373, 397, 413, 416, 422, 448, 474, 492, 506, 513, 592, 1304, 1312, 1334, 1335, 1337, 1341, 1347, 1360, 1413, 1429, 1434, 1543, 1583, 1587, 1590, 1592, 1673, 1678",Person,Human,Innkeeper,,
The Weasel,34,2,34,"Weasel, the Weasel","59, 118, 121, 125, 127, 140, 150, 157, 159, 165, 173, 175, 177, 183, 186, 190, 197, 202, 218, 529, 804, 829, 1723, 1727, 1744, 1750, 1759, 1766, 1775, 1777, 1778, 1782, 1783, 1786",Person,Human,Hero,,
The Rim,34,2,34,"Edge, Rim","26, 45, 1841, 2366, 2366, 2796, 2808, 4211, 4226, 4262, 4313, 4436, 4452, 4482, 4485, 4497, 4529, 4532, 4536, 4699, 4757, 4757, 4762, 4765, 4888, 5134, 5222, 5272, 5329, 5390, 5394, 5397, 5513, 5518",Location,GeoFeature,MajorFeature,,
Liessa Wyrmrider,32,3,32,"Liessa, Liessa Dragonlady, Liessa Wyrmbidder","2866, 2870, 2876, 2883, 2887, 2899, 2906, 2910, 2918, 2922, 2928, 3358, 3371, 3375, 3402, 3410, 3569, 3588, 3600, 3613, 3667, 3695, 3708, 3727, 3744, 3802, 3809, 3835, 3903, 3913, 3952, 3953",Person,Human,Dragonrider,,
Krull,31,2,31,"Kingdom of Krull, Krull","26, 4097, 4130, 4435, 4435, 4435, 4436, 4448, 4525, 4540, 4600, 4605, 4673, 4730, 4753, 4756, 4757, 4758, 4758, 4761, 4882, 5013, 5181, 5195, 5211, 5231, 5232, 5260, 5271, 5273, 5320",Location,GeoRegion,Nation,97,42
Blind Hugh,29,2,29,"Blind Hugh, Hugh","224, 228, 232, 234, 236, 239, 244, 246, 247, 250, 255, 257, 261, 265, 268, 270, 275, 277, 279, 307, 326, 334, 338, 341, 351, 375, 402, 475, 596",Person,Human,Thief,,
Lio!rt,28,2,28,"LioIrt, LioIrt Dragonlord","3203, 3212, 3228, 3233, 3237, 3242, 3245, 3247, 3250, 3257, 3261, 3267, 3269, 3607, 3636, 3665, 3680, 3687, 3693, 3696, 3707, 3725, 3733, 3736, 3738, 3740, 3743, 3800",Person,Human,Dragonrider,,
Lord Vetinari,27,1,27,Patrician,"223, 520, 606, 611, 613, 618, 628, 638, 645, 649, 652, 657, 670, 679, 691, 734, 906, 1054, 1093, 1103, 1109, 1113, 1117, 1131, 1139, 1144, 1150",Person,Human,Politician,,
Arch-astronomer of Krull,26,2,26,"Arch-Astronomer, Arch-astronomer","4097, 4104, 4113, 4119, 4125, 4130, 4135, 4143, 4155, 4157, 4167, 5013, 5186, 5190, 5197, 5203, 5209, 5228, 5232, 5234, 5237, 5243, 5250, 5252, 5258, 5274",Misc,Position,,,
The Lady,26,3,26,"Goddess Who Must Not Be Named, Lady, the Lady","61, 65, 67, 69, 75, 1958, 1960, 1969, 1973, 1980, 1984, 1988, 2753, 4955, 4960, 4964, 4966, 4967, 4977, 4979, 4981, 4989, 4995, 4997, 5029, 5034",Person,Supernatural,God,,
The Broken Drum,25,2,25,"Broken Drum, Drum","269, 279, 307, 319, 326, 330, 350, 433, 472, 742, 747, 1346, 1353, 1356, 1357, 1514, 1516, 1519, 1524, 1621, 1653, 1665, 1677, 1696, 1700",Location,ManMadeFeature,Buildings,38,0
Bel-Shamharoth,25,8,25,"Bel, Bel-Shamharoth, Eye, Sender of Eight, Sender of Eignnnngh, Soul Eater, Soul Render, Thing","345, 1883, 1888, 2032, 2040, 2042, 2047, 2048, 2105, 2109, 2146, 2161, 2162, 2400, 2406, 2409, 2411, 2531, 2540, 2541, 2545, 2551, 2632, 2672, 4278",Person,Supernatural,Demon,,
Circumfence,24,3,24,"Circumfence, Fence, the Circumfence","4314, 4315, 4323, 4351, 4352, 4413, 4422, 4435, 4435, 4450, 4525, 4526, 4575, 4593, 4758, 4872, 4873, 4878, 4880, 4882, 5024, 5118, 5211, 5434",Location,GeoFeature,MajorFeature,,
The Wyrmberg,24,1,24,Wyrmberg,"2763, 2770, 2883, 2885, 2886, 3070, 3072, 3073, 3082, 3098, 3134, 3142, 3143, 3146, 3216, 3580, 3596, 3659, 3663, 3668, 3811, 3852, 3899, 3937",Location,GeoFeature,MajorFeature,37,63
Kring,24,1,24,Kring,"2248, 2251, 2589, 2623, 2664, 2679, 2686, 2691, 2948, 2989, 2999, 3007, 3011, 3024, 3071, 3097, 3135, 3168, 3177, 3192, 3221, 3225, 3240, 3243",Person,Supernatural,Anthropomorphic,,
Fate of the Discworld,23,1,23,Fate,"61, 1964, 1968, 1972, 1974, 1991, 1994, 2750, 4977, 4978, 5013, 5014, 5018, 5019, 5025, 5034, 5077, 5080, 5087, 5089, 5092, 5098, 5100",Person,Supernatural,God,,
Great A’Tuin,20,6,20,"A’Tuin, A’Tuin the World Turtle, Great A’Tuin, Great A’Tuin the Turtle, Great A’Tuin the World Turtle, Great Turtle","21, 26, 27, 28, 31, 33, 36, 43, 45, 4166, 4341, 4381, 4465, 4999, 5003, 5006, 5118, 5154, 5195, 5503",Person,Supernatural,WorldTurtle,,
Bravd the Hublander,20,2,20,"Bravd, Bravd the Hublander","59, 135, 136, 143, 159, 160, 167, 169, 186, 196, 207, 529, 829, 1723, 1729, 1760, 1767, 1774, 1785, 1790",Person,Human,Hero,,
Zlorf Flannelfoot,20,2,20,"Zlorf, Zlorf Flannelfoot","1147, 1363, 1366, 1373, 1374, 1375, 1378, 1384, 1387, 1390, 1396, 1401, 1411, 1414, 1419, 1439, 1465, 1467, 1472, 1474",Person,Human,Assassin,,
K!sdra,19,1,19,KIsdra,"3042, 3047, 3052, 3058, 3061, 3064, 3077, 3083, 3092, 3097, 3108, 3111, 3117, 3133, 3178, 3190, 3207, 3211, 3218",Person,Human,Dragonrider,,
Tethis,18,1,18,Tethis,"4307, 4429, 4434, 4440, 4482, 4489, 4515, 4517, 4521, 4540, 4549, 4567, 4593, 4670, 4679, 5134, 5312, 5326",Person,Troll,Sea,,
Liartes,16,1,16,Liartes,"3665, 3680, 3681, 3693, 3707, 3753, 3763, 3767, 3771, 3773, 3781, 3783, 3785, 3789, 3792, 3794",Person,Human,Dragonrider,,
Guestmaster Garhartra,16,2,16,"Garhartra, Guestmaster","4808, 4809, 4817, 4821, 4826, 4832, 4838, 4848, 4853, 4863, 4867, 4896, 5042, 5049, 5051, 5189",Person,Human,Wizard,,
Agatean Empire,14,3,14,"Agatean Empire, Empire, Golden Empire","481, 555, 695, 718, 1111, 1113, 1115, 1127, 1129, 1136, 1214, 1352, 4447, 4450",Location,GeoRegion,Nation,70,135
Druellae,14,1,14,Druellae,"2055, 2075, 2095, 2102, 2113, 2119, 2132, 2138, 2162, 2183, 2190, 2205, 2211, 2225",Person,Supernatural,Dryad,,
Rimfall,14,2,14,"Fall, Rimfall","26, 45, 46, 4202, 4220, 4261, 4328, 4343, 4438, 4571, 4764, 5182, 5421, 5427",Location,GeoFeature,MajorFeature,,
Loremaster,13,2,13,"Loremaster, the Loremaster","3668, 3672, 3691, 3699, 3706, 3723, 3802, 3808, 3916, 3917, 3919, 3927, 3931",Misc,Position,,,
"Lord of the Wyrmberg, Greicha the First",13,4,13,"Greicha, Greicha the First, Lord Greicha, Lord of the Wyrmberg","3393, 3552, 3572, 3595, 3669, 3669, 3676, 3700, 3822, 3918, 3921, 3925, 3927",Person,Undead,Dragonrider,,
Circle Sea,12,1,12,Circle Sea,"323, 391, 683, 820, 869, 904, 975, 1738, 2175, 2574, 4089, 5514",Gazetteer,WaterFeature,WaterBody,46,356
Eight Great Spells,10,3,10,"Eight Great Spells, Great Spell, Spell","1064, 2037, 2207, 2212, 3641, 4609, 4739, 4745, 5263, 5267",Artefact,Magic,Spell,,
Unseen University,10,2,10,"University, Unseen University","384, 1066, 1066, 1796, 1897, 2011, 2034, 2201, 2574, 4740",Location,ManMadeFeature,Buildings,38,0
Time,10,1,10,Time,"1748, 1990, 2383, 2510, 2633, 2659, 2660, 2667, 2801, 3536",Artefact,Concept,unknown,,
Potent Voyager,10,2,10,"Potent Voyager, Voyager","5195, 5221, 5223, 5275, 5297, 5347, 5351, 5387, 5388, 5505",Artefact,Object,Spaceship,,
Great Nef,9,2,9,"Great Nef, Nef","2679, 3850, 3851, 3998, 4117, 4128, 4187, 4264, 4882",Location,GeoRegion,Region,,
Trob,9,1,9,Trob,"408, 412, 434, 477, 479, 480, 850, 955, 1687",Artefact,Language,unknown,,
Rerpf,9,1,9,Rerpf,"1421, 1424, 1441, 1447, 1455, 1458, 1462, 1468, 1477",Person,Human,Innkeeper,,
Bronze Psepha,9,2,9,"Bronze Psepha, Psepha","3041, 3053, 3060, 3089, 3123, 3126, 3152, 3163, 3177",Person,Animal,Dragon,,
Emperor of the Agatean Empire,7,3,7,"Agatean Emperor, Emperor, the Emperor of the Agatean Empire","691, 700, 716, 1117, 1121, 4448, 4449",Person,Human,Ruler,,
Goldeneyes Silverhand Dactylos,7,5,7,"Dactylos, Dactylos Goldeneyes, Goldeneyes, Goldeneyes Dactylos, Goldeneyes Silverhand Dactylos","4108, 4116, 4133, 4138, 4144, 4153, 5223",Person,Human,Craftsman,,
Master Launchcontroller of Krull,7,2,7,"Launchcontroller, Master Launchcontroller","5186, 5188, 5189, 5193, 5205, 5215, 5220",Misc,Position,,,
The Hub,7,1,7,Hub,"48, 821, 829, 1739, 1887, 4231, 5517",Location,GeoFeature,MajorFeature,0,0
Ninereeds,6,1,6,Ninereeds,"3500, 3623, 3627, 3633, 3911, 3934",Person,Animal,Dragon,,
Marchesa,6,1,6,Marchesa,"4734, 4739, 4743, 4750, 4769, 4771",Person,Human,Wizard,,
Cripple Wa,6,2,6,"Cripple Wa, Wa","225, 233, 281, 295, 316, 317",Person,Human,Thief,,
Krullian,6,2,6,"Krullian, Krullians","4758, 4998, 5007, 5135, 5147, 5434",Location,Nationality,unknown,97,42
Blind Io,6,2,6,"Blind Io, Io","53, 54, 61, 67, 83, 1955",Person,Supernatural,God,,
Ankh-Morpork City Watch,6,3,6,"Watch, Watchmen, the Watch","839, 842, 855, 857, 897, 908",Organisation,GovernmentAgency,,,
Rimbow,6,1,6,Rimbow,"46, 4300, 4340, 4377, 4762, 5389",Location,GeoFeature,MajorFeature,,
Hades,5,3,5,"Dread Land, Hades, Hell","724, 3920, 5404, 5405, 5408",Location,Transdimensional,unknown,,
Wizards’ Quarter,5,3,5,"Magical Quarter, Magician’s Quarter, Wizards’ Quarter","88, 432, 823, 869, 1158",Location,ManMadeFeature,Region,38,0
Counterweight Continent,5,1,5,Counterweight Continent,"490, 665, 669, 673, 680",Gazetteer,GeoRegion,MajorLandMass,68,135
Gorphal,5,1,5,Gorphal,"1103, 1111, 1117, 1133, 1140",Person,Human,Servant,,
Hubland,4,3,4,"Hubland, Hublands, Near the Hub","95, 2367, 2676, 4187",Location,GeoRegion,Region,0,0
Terton,4,1,4,Terton,"4873, 4879, 4881, 4882",Person,Human,Lengthman,,
Ankh-Morporkian,4,3,4,"Ankhian, Morporkean, Morporkian","250, 428, 801, 939",Location,Nationality,unknown,38,0
Brown Islands,4,1,4,Brown Islands,"292, 486, 536, 912",Gazetteer,GeoRegion,MinorLandMass,67,67
beTrobi,4,1,4,BeTrobi,"480, 956, 1687, 1696",Location,Nationality,unknown,,
Offler the six-armed Crocodile God,4,2,4,"Offler, Offler the Crocodile God","61, 63, 72, 1957",Person,Supernatural,God,,
Creator,4,2,4,"Creator, Creator of the Universe","1066, 2371, 4525, 4587",Person,Supernatural,God,,
Scrofula,4,1,4,Scrofula,"5469, 5478, 5482, 5490",Person,Supernatural,Incarnate,,
Hublandish,4,2,4,"Hublander, Hublandish","4039, 4044, 4731, 4761",Location,Nationality,unknown,,
Creation,4,1,4,Creation,"2799, 4725, 4979, 5507",Artefact,Concept,unknown,,
Bes Pelargic,4,2,4,"Bes Palargic, Bes Pelargic","476, 481, 531, 949",Location,PopulationCenter,MinorCity,57,113
Nine Turning Mirrors,3,1,3,Nine Turning Mirrors,"1125, 1135, 1152",Person,Human,Ruler,,
Assassins’ Guild,3,1,3,Assassins’ Guild,"1143, 1145, 1367",Organisation,Guild,,,
Mage Wars,3,1,3,Mage Wars,"2799, 2801, 5265",Misc,Event,,,
Turnwise,3,1,3,Turnwise,"830, 988, 5511",Location,Direction,unknown,,
Evil,3,1,3,Evil,"2041, 2041, 2279",Artefact,Concept,unknown,,
Temple of Small Gods,3,2,3,"Small Gods Temple, Temple of Small Gods","306, 316, 801",Organisation,Business,,,
Dehydrated Ocean,3,1,3,Dehydrated Ocean,"4187, 4265, 4267",Gazetteer,WaterFeature,WaterBody,80,355
Gorrin the Cat,3,2,3,"Gorrin, Gorrin the Cat","305, 312, 316",Person,unknown,unknown,,
Octavo,3,1,3,Octavo,"1066, 2035, 2040",Artefact,Title,Book,,
Pseudopolis,2,1,2,Pseudopolis,"5083, 5471",Gazetteer,PopulationCenter,MajorCity,35,13
Urn,2,1,2,Urn,"3374, 3526",Person,Human,Philosopher,,
Winter Secundus,2,2,2,"Spindlewinter, Winter Secundus","5514, 5514",Date,Season,,,
Length,2,1,2,Length,"4873, 4874",Location,Direction,unknown,,
First Men,2,1,2,First Men,"2800, 2801",Misc,Other,,,
Hogswatch Night,2,1,2,Hogs’ Watch Night,"5514, 5516",Date,Holiday,,,
Vestcake’s Floating Curse,2,2,2,"Vestcake, Vestcake’s Floating Curse","5235, 5243",Artefact,Magic,Spell,,
Olden Ones,2,2,2,"Old High Ones, Olden Ones","1812, 2803",Person,Supernatural,Olden One,,
Merchants’ Guild,2,2,2,"Guild of Merchants, Guild of Merchants and Traders","1441, 1446",Organisation,Guild,,,
Chimeria,2,1,2,Chimeria,"3356, 3361",Gazetteer,WaterFeature,WaterBody,38,48
Brass Bridge,2,1,2,Brass Bridge,"921, 1422",Location,ManMadeFeature,Road,38,0
Palace of the Seven Deserts,2,1,2,Palace of the Seven Deserts,"4117, 4124",Location,ManMadeFeature,Buildings,,
Edgewise,2,1,2,Edgewise,"4215, 4698",Location,Direction,unknown,,
Sergeant,2,1,2,Sergeant,"839, 844",Misc,Position,,,
Chirm,2,1,2,Chirm,"1756, 1793",Gazetteer,PopulationCenter,MinorCity,40,356
Widdershin Gate,2,1,2,Widdershin Gate,"1654, 1701",Location,ManMadeFeature,Road,38,0
The Craft,2,1,2,Craft,"4103, 4107",Artefact,Concept,unknown,,
Hubwards,2,1,2,Hubward,"2045, 4326",Location,Direction,unknown,,
Octarine,2,2,2,"King Color, Octarine","4345, 5244",Artefact,Magic,Colour,,
Short Street,2,1,2,Short Street,"1515, 1517",Location,ManMadeFeature,Road,38,0
Heaven,2,1,2,Heaven,"24, 5282",Location,Transdimensional,unknown,,
Laolith,2,1,2,Laolith,"2918, 2928",Person,Animal,Dragon,,
Whore Pits,2,1,2,Whore Pits,"801, 996",Location,ManMadeFeature,Buildings,38,0
Klatch,2,1,2,Klatch,"3308, 4715",Gazetteer,GeoRegion,Nation,72,5
Light Dams of the Great Nef,2,2,2,"Light Dam, Light Dams","4117, 4128",Location,ManMadeFeature,unknown,,
Grey Miasma of H’rull,1,1,1,Grey Miasma of H’rull,863,Artefact,Magic,unknown,,
Metal Warriors,1,1,1,Metal Warriors,4117,Artefact,Object,unknown,,
Temple of Bel-Shamharoth,1,1,1,Temple of Bel-Shamharoth,2029,Location,ManMadeFeature,Buildings,,
Rehigreed,1,1,1,Rehigreed Province,4406,Location,GeoRegion,Province,87,303
Filigree Street,1,1,1,Filigree Street,1516,Location,ManMadeFeature,Road,,
Eventuality,1,1,1,Eventuality,1963,Location,Transdimensional,unknown,,
Kerible the Enchanter,1,1,1,Kerible the Enchanter,98,Person,unknown,unknown,,
Zephyrus,1,1,1,Zephyrus,61,Person,Supernatural,God,,
Beggars’ Guild,1,1,1,Beggars’ Guild,801,Organisation,Guild,,,
Ashonai,1,1,1,Ashonai,3645,Artefact,Magic,Spell,,
Pitchiu,1,1,1,Pitchiu,4118,Person,unknown,unknown,,
Jerakeen,1,1,1,Jerakeen,24,Person,Supernatural,WorldElephant,,
Alls Fallow,1,1,1,Alls Fallow,5515,Date,Holiday,,,
Red Triangle,1,1,1,Red Triangle,949,Location,GeoRegion,Region,57,113
River Gate,1,1,1,River Gate,1086,Location,ManMadeFeature,Road,38,0
Archmandrite of B’Ituni,1,1,1,Archmandrite of B’Ituni,2249,Person,unknown,unknown,,
Berilia,1,1,1,Berilia,24,Person,Supernatural,WorldElephant,,
Turning To Animals,1,1,1,Turning To Animals,1199,Artefact,Magic,WitchMagic,,
Vanglemesht,1,1,1,Vanglemesht,406,Artefact,Language,unknown,,
Archmage of Ymitury,1,1,1,Archmage of Ymitury,203,Person,unknown,unknown,,
Merchant Street,1,1,1,Merchant Street,88,Location,ManMadeFeature,Road,38,0
Heric Whiteblade,1,1,1,Heric Whiteblade,529,Person,Human,Hero,,
The Octarine Fairy Book,1,1,1,The Octarine Fairy Book,3315,Artefact,Title,Book,,
Seven-Handed Sek,1,1,1,Sek,995,Person,Supernatural,God,,
Gods’ Quarter,1,1,1,Gods’ Quarter,4978,Location,ManMadeFeature,Region,38,0
Adam’s apple,1,1,1,Adam,3077,Misc,Other,,,
Gonim,1,1,1,Gonim,1095,Gazetteer,GeoRegion,Nation,30,90
Infernal Combustion Enigma,1,1,1,Infernal Combustion Enigma,5243,Artefact,Object,unknown,,
Gorunna,1,1,1,Gorunna,4686,Location,GeoRegion,Region,,
Backspindlewinter,1,1,1,Backspindlewinter,5516,Date,Season,,,
Plaza of Broken Moons,1,1,1,Plaza of Broken Moons,1007,Location,ManMadeFeature,Buildings,38,0
Sumtri,1,1,1,Sumtri,406,Artefact,Language,unknown,,
Secundus Spring,1,1,1,Secundus Spring,5515,Date,Season,,,
Ghlen Livid,1,1,1,Ghlen Livid,4403,Artefact,Product,Drink,,
Tubul,1,1,1,Tubul,24,Person,Supernatural,WorldElephant,,
Morpork Mountains,1,1,1,Morpork Mountains,519,Gazetteer,GeoFeature,Mountain Range,38,352
Sorca people,1,1,1,Sorca,3850,Location,Nationality,unknown,,
There Be Dragons,1,1,1,There Be Dragons,14,Artefact,Motto,unknown,,
Ice System of Zeret,1,1,1,Ice System of Zeret,4084,Location,World,unknown,,
Black Oroogu,1,1,1,Black Oroogu,406,Artefact,Language,unknown,,
There Be Dragons Everywhere,1,1,1,There Be Dragons Everywhere,15,Artefact,Motto,unknown,,
Urabewe,1,1,1,Urabewe,4715,Gazetteer,GeoRegion,MajorLandMass,85,8
Gamblers’ Guild,1,1,1,Gamblers’ Guild,4980,Organisation,Guild,,,
Law of Conservation of Reality,1,1,1,Law of Conservation of Reality,1812,Artefact,Concept,unknown,,
Twilight Peoples,1,1,1,Twilight Peoples,2126,Misc,Other,,,
Rime Street,1,1,1,Rime Street,1280,Location,ManMadeFeature,Road,38,0
Age of Magic,1,1,1,Age of Magic,2360,Date,Era,,,
Famine,1,1,1,Famine,641,Person,Supernatural,Incarnate,,
Ninereeds the Masteraccount,1,1,1,Ninereeds the Masteraccount,3318,Person,Human,unknown,,
Great T’Phon,1,1,1,Great T’Phon,24,Person,Supernatural,WorldElephant,,
Bathys,1,1,1,Bathys,4512,Location,World,Discworld,,
Number of Bel-Shamharoth,1,1,1,Number of Bel-Shamharoth,2147,Artefact,Magic,unknown,,
Codice of Chimeria,1,1,1,Codice of Chimeria,3288,Person,unknown,unknown,,
Temple of the Seven-Handed Sek,1,1,1,Temple of the Seven-Handed Sek,995,Location,ManMadeFeature,Buildings,38,0
Atavarr’s Personal Gravitational Upset,1,1,1,Atavarr’s Personal Gravitational Upset,4896,Artefact,Magic,Spell,,
Chance,1,1,1,Chance,63,Person,Supernatural,Incarnate,,
Elemental Magical Force,1,1,1,Elemental Magical Force,2141,Artefact,Magic,unknown,,
Lords of the Circle Sea,1,1,1,Lords of the Circle Sea,691,Misc,Position,,,
Groaning Platter,1,1,1,Groaning Platter,1422,Location,ManMadeFeature,Buildings,38,0
Urshoring,1,1,1,Urshoring,3650,Artefact,Magic,Spell,,
Rammerock Mountains,1,1,1,Rammerorck Mountains,1841,Location,GeoFeature,Mountain Range,35,271
Mount Awayawa,1,1,1,Mount Awayawa,412,Gazetteer,GeoFeature,Mountain,80,100
Chimeran,1,1,1,Chimeran,400,Artefact,Language,unknown,,
Gorunna Trench,1,1,1,Gorunna Trench,4684,Gazetteer,WaterFeature,Trench,77,38
Caderack Mountains,1,1,1,Caderack Mountains,870,Gazetteer,GeoFeature,Mountain Range,30,75
Orohai,1,1,1,Orohai,434,Gazetteer,GeoRegion,Province,86,290
Alohura,1,1,1,Alohura,1691,Person,Supernatural,God,,
Unseen University Faculty of Medicine,1,1,1,Faculty of Medicine,1067,Organisation,Education,,,
Small Gods’ Eve,1,1,1,Small Gods’ Eve,5514,Date,Holiday,,,
Ajandurah’s Wand of Utter Negativity,1,1,1,Ajandurah’s Wand of Utter Negativity,4707,Artefact,Magic,Item,,
the coming of Man to the Discworld,1,1,1,Man to the Discworld,2127,Date,Era,,,
Quirm City,1,1,1,Quirm,2698,Location,PopulationCenter,MajorCity,38,8
Hubwards Gate,1,1,1,Hub Gate,607,Location,ManMadeFeature,Road,38,0
Pearl Dock,1,1,1,Pearl Dock,224,Location,ManMadeFeature,Road,38,0
Eighth Level,1,1,1,Eighth Level,1199,Artefact,Magic,unknown,,
Crueltide,1,1,1,Crueltide,5514,Date,Season,,,
Ebiris,1,1,1,Ebiris,3648,Artefact,Magic,Spell,,
Destiny,1,1,1,Destiny,63,Person,Supernatural,Incarnate,,
Turnwise Ocean,1,1,1,Turnwise Ocean,702,Location,WaterFeature,WaterBody,,
Howondaland,1,1,1,Howondaland,2247,Location,GeoRegion,Nation,75,20
Mount Raruaruaha,1,1,1,Mount Raruaruaha,1691,Gazetteer,GeoFeature,Mountain,79,103
Pasha of Redurant,1,1,1,Pasha of Redurant,2679,Person,unknown,unknown,,
the Birthplace,1,1,1,Birthplace,33,Location,unknown,unknown,,
Urmond,1,1,1,Urmond,1380,Person,Human,Assassin,,
Zchloty,1,1,1,Zchloty,2790,Location,GeoRegion,Region,,
Kvanti,1,1,1,Kvanti,3651,Artefact,Magic,Spell,,
Deosil Gate,1,1,1,Deosil Gate,123,Location,ManMadeFeature,Road,38,0
Night,1,1,1,Night,63,Person,Supernatural,Incarnate,,
Widdershins,1,1,1,Widdershins,5511,Location,Direction,unknown,,
the Time of Mating,1,1,1,the Time of Mating,33,Location,unknown,unknown,,
Rimland,1,1,1,Rimland,316,Location,GeoRegion,Region,,
I-Don’t-Know Jack,1,1,1,Jack,4042,Person,unknown,unknown,,
Captain Eightpanther’s Travelers’ Digestives,1,1,1,Captain Eightpanther’s Travelers’ Digestives,1258,Artefact,Product,unknown,,
The Sum of Things,1,1,1,The Sum of Things,4055,Artefact,Concept,unknown,,
Fresnel’s Wonderful Concentrator,1,1,1,Fresnel’s Wonderful Concentrator,4618,Artefact,Magic,Spell,,
Minor Religions Faculty of Unseen University,1,1,1,Minor Religions Faculty of Unseen University,1698,Organisation,Education,,,
Archchancellor Ridcully,1,1,1,Cully,2761,Person,Human,Wizard,,
Frost Alley,1,1,1,Frost Alley,1280,Location,ManMadeFeature,Road,38,0
Tomb of Pitchiu,1,1,1,Tomb of Pitchiu,4117,Location,ManMadeFeature,Buildings,,
Spring Prime,1,1,1,Spring Prime,5514,Date,Season,,,
Big Bang hypothesis,1,1,1,Big Bang,35,Artefact,Concept,unknown,,
High Borogravian,1,1,1,High Borogravian,406,Artefact,Language,unknown,,
Autumn Prime,1,1,1,Autumn Prime,5514,Date,Season,,,
Steady Gait hypothesis,1,1,1,Steady Gait,36,Artefact,Concept,unknown,,
Grinjo,1,1,1,Grinjo,1380,Person,Human,Assassin,,
Summer Two,1,1,1,Summer Two,5515,Date,Season,,,
Pestilence,1,1,1,Disease,641,Person,Supernatural,Incarnate,,
Fredor at the Crimson Leech,1,1,1,Fredor at the Crimson Leech,114,Person,unknown,unknown,,
Dunmanifestin,1,1,1,Dunmanifestin,49,Gazetteer,GeoFeature,Mountain,0,0
Leaning Tower,1,1,1,Leaning Tower,1280,Location,ManMadeFeature,Buildings,38,0
Erig Stronginthearm,1,1,1,Erig Stronginthearm,865,Person,Dwarf,Hero,,
Reforgule of Krull,1,1,1,Reforgule of Krull,5511,Person,unknown,unknown,,
